<TICKER>;<PER>;<DATE>;<TIME>;<OPEN>;<HIGH>;<LOW>;<CLOSE>;<VOL>
GDAX.BTC-USD;D;20200620;000000;9300.4200000;9391.7100000;9161.0000000;9355.7400000;6888
GDAX.BTC-USD;D;20200621;000000;9355.7400000;9419.3500000;9273.0000000;9286.1400000;3055
GDAX.BTC-USD;D;20200622;000000;9286.1400000;9792.0000000;9267.5800000;9690.7400000;11746
GDAX.BTC-USD;D;20200623;000000;9690.6700000;9724.5300000;9572.2200000;9623.5600000;7957
GDAX.BTC-USD;D;20200624;000000;9623.5600000;9663.3800000;9195.0000000;9285.9100000;13390
GDAX.BTC-USD;D;20200625;000000;9285.9400000;9335.0000000;8979.0700000;9243.5100000;13527
GDAX.BTC-USD;D;20200626;000000;9242.9800000;9291.7300000;9027.6200000;9155.4200000;10701
GDAX.BTC-USD;D;20200627;000000;9155.4200000;9188.1400000;8815.0100000;9002.4600000;8386
GDAX.BTC-USD;D;20200628;000000;9002.3800000;9189.0000000;8931.7700000;9113.2400000;5538
GDAX.BTC-USD;D;20200629;000000;9113.2300000;9236.7500000;9014.0000000;9184.4500000;8642
GDAX.BTC-USD;D;20200630;000000;9188.7900000;9201.0000000;9059.6000000;9136.2000000;6807
GDAX.BTC-USD;D;20200701;000000;9135.9100000;9297.2000000;9088.0000000;9239.9700000;7546
GDAX.BTC-USD;D;20200702;000000;9239.4100000;9265.0000000;8938.0000000;9091.5300000;10770
GDAX.BTC-USD;D;20200703;000000;9091.9800000;9126.1200000;9036.7400000;9063.8700000;7746
GDAX.BTC-USD;D;20200704;000000;9059.7300000;9195.8400000;9039.8400000;9138.5100000;5287
GDAX.BTC-USD;D;20200705;000000;9138.5100000;9145.0000000;8905.8400000;9074.3900000;4562
GDAX.BTC-USD;D;20200706;000000;9074.3700000;9375.9000000;9061.5900000;9343.3100000;9937
GDAX.BTC-USD;D;20200707;000000;9343.3100000;9379.3400000;9201.5700000;9253.9400000;6319
GDAX.BTC-USD;D;20200708;000000;9253.9400000;9475.0000000;9232.2000000;9435.2800000;10134
GDAX.BTC-USD;D;20200709;000000;9435.2800000;9446.6200000;9154.7900000;9236.9500000;8453
GDAX.BTC-USD;D;20200710;000000;9236.9500000;9322.2300000;9118.0000000;9291.0500000;6886
GDAX.BTC-USD;D;20200711;000000;9291.0400000;9303.0400000;9182.3500000;9235.0000000;3356
GDAX.BTC-USD;D;20200712;000000;9235.0000000;9347.5300000;9159.3300000;9303.3700000;5370
GDAX.BTC-USD;D;20200713;000000;9303.3800000;9339.6100000;9193.5200000;9236.9200000;8705
GDAX.BTC-USD;D;20200714;000000;9236.9100000;9280.0000000;9100.0000000;9256.9400000;7472
GDAX.BTC-USD;D;20200715;000000;9256.9400000;9273.9800000;9154.0100000;9190.1600000;7206
GDAX.BTC-USD;D;20200716;000000;9190.8000000;9216.0200000;9005.0000000;9130.1100000;8770
GDAX.BTC-USD;D;20200717;000000;9130.9300000;9182.9900000;9054.9900000;9154.2900000;6410
GDAX.BTC-USD;D;20200718;000000;9154.2900000;9210.0000000;9122.6500000;9175.8500000;4105
GDAX.BTC-USD;D;20200719;000000;9175.8300000;9245.0300000;9105.3700000;9212.8700000;3501
GDAX.BTC-USD;D;20200720;000000;9214.0100000;9223.5100000;9131.0000000;9161.0500000;5812
GDAX.BTC-USD;D;20200721;000000;9161.0500000;9438.0000000;9157.0400000;9394.1400000;9616
GDAX.BTC-USD;D;20200722;000000;9394.1400000;9567.7700000;9277.0000000;9536.1800000;10349
GDAX.BTC-USD;D;20200723;000000;9536.2000000;9686.0000000;9450.0400000;9613.2400000;12999
GDAX.BTC-USD;D;20200724;000000;9613.2400000;9645.5500000;9475.7000000;9551.2100000;9790
GDAX.BTC-USD;D;20200725;000000;9551.2100000;9747.7600000;9536.6400000;9711.3300000;6963
GDAX.BTC-USD;D;20200726;000000;9711.7900000;10150.0000000;9661.3500000;9941.0000000;11626
GDAX.BTC-USD;D;20200727;000000;9941.0000000;11420.0000000;9935.0000000;11048.9100000;41853
GDAX.BTC-USD;D;20200728;000000;11048.0500000;11259.0000000;10575.0000000;10934.2300000;26007
GDAX.BTC-USD;D;20200729;000000;10934.2200000;11350.0000000;10843.4700000;11110.1200000;18558
GDAX.BTC-USD;D;20200730;000000;11108.1600000;11188.6500000;10811.0000000;11115.9500000;12412
GDAX.BTC-USD;D;20200731;000000;11115.9900000;11460.0000000;10975.0000000;11351.6200000;15754
GDAX.BTC-USD;D;20200801;000000;11351.6100000;11888.0000000;11237.8200000;11810.0700000;18289
GDAX.BTC-USD;D;20200802;000000;11810.0700000;12134.2900000;10546.1500000;11068.5400000;28117
GDAX.BTC-USD;D;20200803;000000;11067.4600000;11486.6000000;10911.7400000;11233.1300000;13764
GDAX.BTC-USD;D;20200804;000000;11233.1600000;11417.1100000;11006.1600000;11197.0400000;12082
GDAX.BTC-USD;D;20200805;000000;11197.0500000;11798.8700000;11073.7000000;11756.7500000;16652
GDAX.BTC-USD;D;20200806;000000;11756.7500000;11916.6800000;11580.1900000;11773.8900000;18054
GDAX.BTC-USD;D;20200807;000000;11773.8900000;11920.0000000;11350.0000000;11606.5200000;23743
GDAX.BTC-USD;D;20200808;000000;11606.5200000;11818.1800000;11529.4500000;11774.9800000;7319
GDAX.BTC-USD;D;20200809;000000;11773.2400000;11810.2400000;11532.0400000;11688.4800000;7591
GDAX.BTC-USD;D;20200810;000000;11688.2500000;12086.2200000;11470.0100000;11899.7300000;22152
GDAX.BTC-USD;D;20200811;000000;11899.8700000;11943.0000000;11120.0000000;11388.5300000;20698
GDAX.BTC-USD;D;20200812;000000;11388.8800000;11625.0000000;11148.5400000;11566.4500000;12834
GDAX.BTC-USD;D;20200813;000000;11566.4400000;11802.0900000;11274.1400000;11795.9500000;15372
GDAX.BTC-USD;D;20200814;000000;11795.9500000;11865.9700000;11651.2400000;11779.0000000;13796
GDAX.BTC-USD;D;20200815;000000;11777.5000000;11989.9800000;11688.0000000;11859.2400000;12590
GDAX.BTC-USD;D;20200816;000000;11860.0200000;11940.0000000;11686.5300000;11918.8400000;8901
GDAX.BTC-USD;D;20200817;000000;11918.8400000;12486.6100000;11775.0000000;12304.2600000;23813
GDAX.BTC-USD;D;20200818;000000;12303.9800000;12400.0000000;11825.0000000;11950.0000000;18639
GDAX.BTC-USD;D;20200819;000000;11954.2200000;12024.8300000;11569.0000000;11758.8700000;16653
GDAX.BTC-USD;D;20200820;000000;11758.8700000;11892.1600000;11671.4800000;11864.2600000;8813
GDAX.BTC-USD;D;20200821;000000;11864.2600000;11884.9900000;11480.0000000;11529.2200000;14854
GDAX.BTC-USD;D;20200822;000000;11529.9900000;11693.1600000;11370.0000000;11672.9300000;7946
GDAX.BTC-USD;D;20200823;000000;11672.9200000;11715.0000000;11525.6200000;11650.0100000;5511
GDAX.BTC-USD;D;20200824;000000;11650.0100000;11823.6200000;11592.9100000;11753.8500000;7243
GDAX.BTC-USD;D;20200825;000000;11753.2600000;11769.7600000;11102.7300000;11324.9200000;14348
GDAX.BTC-USD;D;20200826;000000;11324.9200000;11539.9900000;11254.8900000;11463.2700000;9108
GDAX.BTC-USD;D;20200827;000000;11463.2700000;11597.9200000;11125.0000000;11330.0600000;13497
GDAX.BTC-USD;D;20200828;000000;11330.5600000;11550.5100000;11282.0900000;11535.0000000;10359
GDAX.BTC-USD;D;20200829;000000;11535.0000000;11580.0000000;11422.2100000;11474.3100000;5431
GDAX.BTC-USD;D;20200830;000000;11474.3000000;11720.0000000;11463.8700000;11716.0100000;5572
GDAX.BTC-USD;D;20200831;000000;11716.0000000;11784.6600000;11576.0000000;11655.0000000;9125
GDAX.BTC-USD;D;20200901;000000;11655.0000000;12086.0000000;11525.0900000;11924.2200000;16063
GDAX.BTC-USD;D;20200902;000000;11924.2200000;11950.0000000;11160.0000000;11395.4800000;19729
GDAX.BTC-USD;D;20200903;000000;11395.4900000;11474.9900000;10005.0000000;10172.5200000;30389
GDAX.BTC-USD;D;20200904;000000;10172.1300000;10638.3400000;9895.2200000;10500.0500000;23379
GDAX.BTC-USD;D;20200905;000000;10500.0500000;10564.8000000;9813.0000000;10168.3600000;22459
GDAX.BTC-USD;D;20200906;000000;10169.5800000;10358.8800000;10000.0000000;10257.8600000;9504
GDAX.BTC-USD;D;20200907;000000;10258.6700000;10410.9000000;9880.0000000;10375.0000000;11989
GDAX.BTC-USD;D;20200908;000000;10375.0000000;10440.9100000;9819.8300000;10125.6900000;15771
GDAX.BTC-USD;D;20200909;000000;10126.4100000;10349.9900000;9983.3400000;10224.5600000;9652
GDAX.BTC-USD;D;20200910;000000;10224.5600000;10489.0000000;10216.4100000;10343.2300000;11223
GDAX.BTC-USD;D;20200911;000000;10344.2400000;10411.4400000;10200.0000000;10394.4100000;7195
GDAX.BTC-USD;D;20200912;000000;10394.4100000;10483.2300000;10276.1900000;10446.5200000;6481
GDAX.BTC-USD;D;20200913;000000;10446.5200000;10582.3600000;10211.0000000;10336.7600000;10448
GDAX.BTC-USD;D;20200914;000000;10336.7600000;10760.6200000;10253.0000000;10679.9500000;13530
GDAX.BTC-USD;D;20200915;000000;10678.4100000;10950.0000000;10613.1800000;10783.7500000;12645
GDAX.BTC-USD;D;20200916;000000;10783.3600000;11099.9500000;10662.0200000;10959.6100000;10994
GDAX.BTC-USD;D;20200917;000000;10957.0600000;11044.0000000;10735.5500000;10943.6100000;8908
GDAX.BTC-USD;D;20200918;000000;10943.9900000;11039.8800000;10813.0000000;10937.5200000;8670
GDAX.BTC-USD;D;20200919;000000;10937.5000000;11179.9000000;10891.7800000;11080.0000000;5720
GDAX.BTC-USD;D;20200920;000000;11081.0900000;11081.3700000;10759.3700000;10920.8900000;5962
GDAX.BTC-USD;D;20200921;000000;10920.9400000;10994.0000000;10180.0000000;10416.8200000;15015
GDAX.BTC-USD;D;20200922;000000;10416.8300000;10576.8200000;10355.0000000;10531.1300000;7918
GDAX.BTC-USD;D;20200923;000000;10531.1300000;10541.2500000;10135.2200000;10235.1000000;8904
GDAX.BTC-USD;D;20200924;000000;10237.4100000;10795.8700000;10192.5600000;10740.0100000;9681
GDAX.BTC-USD;D;20200925;000000;10740.0000000;10765.0700000;10551.0000000;10690.5300000;9675
GDAX.BTC-USD;D;20200926;000000;10690.5300000;10828.0000000;10654.5800000;10730.0000000;3783
GDAX.BTC-USD;D;20200927;000000;10730.0000000;10806.3200000;10595.2400000;10778.2000000;3864
GDAX.BTC-USD;D;20200928;000000;10779.0000000;10956.1100000;10621.2200000;10695.5500000;8878
GDAX.BTC-USD;D;20200929;000000;10694.9000000;10860.7900000;10636.1300000;10840.7300000;8194
GDAX.BTC-USD;D;20200930;000000;10839.9800000;10847.0000000;10657.0400000;10779.6300000;6310
GDAX.BTC-USD;D;20201001;000000;10779.6300000;10931.9800000;10427.7500000;10617.6300000;12848
GDAX.BTC-USD;D;20201002;000000;10616.3500000;10668.5600000;10363.7600000;10573.1200000;10251
GDAX.BTC-USD;D;20201003;000000;10573.1200000;10606.3600000;10498.0200000;10551.6500000;3203
GDAX.BTC-USD;D;20201004;000000;10550.3200000;10697.0000000;10521.8700000;10671.1100000;3551
GDAX.BTC-USD;D;20201005;000000;10670.0100000;10800.0000000;10621.1200000;10795.0000000;6076
GDAX.BTC-USD;D;20201006;000000;10796.9700000;10800.0000000;10524.0000000;10602.6600000;7586
GDAX.BTC-USD;D;20201007;000000;10601.2000000;10683.7500000;10546.7800000;10670.4700000;6106
GDAX.BTC-USD;D;20201008;000000;10670.4700000;10963.1600000;10532.1100000;10933.0900000;11303
GDAX.BTC-USD;D;20201009;000000;10932.4400000;11111.1100000;10834.4900000;11057.0700000;10096
GDAX.BTC-USD;D;20201010;000000;11057.0700000;11498.9800000;11055.7500000;11299.5000000;9324
GDAX.BTC-USD;D;20201011;000000;11299.5200000;11444.2500000;11276.2800000;11374.0100000;5152
GDAX.BTC-USD;D;20201012;000000;11374.0100000;11736.0200000;11187.6000000;11535.4600000;11056
GDAX.BTC-USD;D;20201013;000000;11535.4600000;11561.4500000;11312.5900000;11428.2200000;8628
GDAX.BTC-USD;D;20201014;000000;11428.2200000;11556.3700000;11290.8300000;11427.7000000;7083
GDAX.BTC-USD;D;20201015;000000;11427.7000000;11641.3800000;11263.1500000;11509.3400000;8537
GDAX.BTC-USD;D;20201016;000000;11509.3100000;11550.0100000;11201.0000000;11328.9500000;9506
GDAX.BTC-USD;D;20201017;000000;11328.2700000;11421.0000000;11264.7500000;11367.8900000;3588
GDAX.BTC-USD;D;20201018;000000;11367.9000000;11523.0000000;11350.3700000;11514.2000000;4323
GDAX.BTC-USD;D;20201019;000000;11514.2000000;11833.0000000;11416.0400000;11760.4500000;10301
GDAX.BTC-USD;D;20201020;000000;11760.4500000;12050.0000000;11685.0000000;11923.8300000;13843
GDAX.BTC-USD;D;20201021;000000;11923.0700000;13250.0400000;11900.0100000;12808.0000000;32400
GDAX.BTC-USD;D;20201022;000000;12808.0100000;13200.0000000;12698.0200000;12987.0200000;20325
GDAX.BTC-USD;D;20201023;000000;12988.2000000;13037.0000000;12722.7200000;12937.0900000;10437
GDAX.BTC-USD;D;20201024;000000;12938.0000000;13175.0000000;12884.3100000;13126.2400000;7912
GDAX.BTC-USD;D;20201025;000000;13126.3400000;13361.0000000;12890.7600000;13045.0000000;9277
GDAX.BTC-USD;D;20201026;000000;13045.0200000;13250.0000000;12785.0000000;13068.7900000;12268
GDAX.BTC-USD;D;20201027;000000;13068.7900000;13793.7200000;13061.2800000;13698.1800000;17247
GDAX.BTC-USD;D;20201028;000000;13740.8500000;13863.8700000;12891.5700000;13281.0500000;21062
GDAX.BTC-USD;D;20201029;000000;13281.0600000;13650.0000000;12976.2900000;13460.0000000;15789
GDAX.BTC-USD;D;20201030;000000;13460.0000000;13687.8200000;13131.3100000;13571.5100000;15672
GDAX.BTC-USD;D;20201031;000000;13571.5100000;14098.9200000;13424.7300000;13804.8100000;12141
GDAX.BTC-USD;D;20201101;000000;13803.6900000;13906.7400000;13630.0500000;13771.5900000;6257
GDAX.BTC-USD;D;20201102;000000;13771.7000000;13840.0000000;13215.0000000;13563.2200000;12194
GDAX.BTC-USD;D;20201103;000000;13563.2200000;14081.4500000;13290.0000000;14035.8000000;13961
GDAX.BTC-USD;D;20201104;000000;14034.3500000;14273.6000000;13530.0100000;14161.4800000;16889
GDAX.BTC-USD;D;20201105;000000;14165.8600000;15775.0000000;14115.0000000;15608.2100000;31856
GDAX.BTC-USD;D;20201106;000000;15608.0600000;15977.6700000;15190.3600000;15599.9500000;25143
GDAX.BTC-USD;D;20201107;000000;15599.9500000;15779.2400000;14310.0000000;14834.0900000;23559
GDAX.BTC-USD;D;20201108;000000;14834.0900000;15666.0000000;14721.9000000;15482.9000000;11847
GDAX.BTC-USD;D;20201109;000000;15482.8900000;15856.9000000;14817.1400000;15342.2500000;21957
GDAX.BTC-USD;D;20201110;000000;15342.1000000;15481.0600000;15090.0800000;15315.0300000;13501
GDAX.BTC-USD;D;20201111;000000;15315.4600000;16000.0000000;15293.0400000;15705.7900000;15259
GDAX.BTC-USD;D;20201112;000000;15705.7900000;16370.8900000;15446.8200000;16310.8100000;22175
GDAX.BTC-USD;D;20201113;000000;16310.8100000;16491.9200000;15975.0000000;16339.5600000;14597
GDAX.BTC-USD;D;20201114;000000;16339.5600000;16339.6000000;15708.2400000;16082.0100000;9207
GDAX.BTC-USD;D;20201115;000000;16082.0100000;16175.6000000;15796.0900000;15966.8900000;6243
GDAX.BTC-USD;D;20201116;000000;15970.0000000;16892.0000000;15879.0000000;16726.6400000;13937
GDAX.BTC-USD;D;20201117;000000;16726.4900000;17880.0000000;16575.4200000;17679.3600000;25252
GDAX.BTC-USD;D;20201118;000000;17679.8600000;18488.0000000;17205.0200000;17782.9100000;32408
GDAX.BTC-USD;D;20201119;000000;17790.1800000;18193.2900000;17356.0000000;17821.5800000;17144
GDAX.BTC-USD;D;20201120;000000;17821.9200000;18830.3000000;17764.7600000;18675.2500000;17906
GDAX.BTC-USD;D;20201121;000000;18677.8400000;18980.0000000;18350.0000000;18721.2100000;13592
GDAX.BTC-USD;D;20201122;000000;18721.2100000;18773.5600000;17610.7700000;18437.6600000;15416
GDAX.BTC-USD;D;20201123;000000;18437.1800000;18777.7700000;18001.0000000;18384.8200000;17675
GDAX.BTC-USD;D;20201124;000000;18384.8200000;19469.0000000;18052.0200000;19172.8400000;26623
GDAX.BTC-USD;D;20201125;000000;19172.9000000;19500.0000000;18502.0000000;18721.9300000;20483
GDAX.BTC-USD;D;20201126;000000;18717.2400000;18915.4800000;16200.0000000;17170.0000000;48632
GDAX.BTC-USD;D;20201127;000000;17169.9900000;17475.0000000;16400.0000000;17153.9500000;23339
GDAX.BTC-USD;D;20201128;000000;17155.4300000;17933.2500000;16880.0000000;17739.8500000;13162
GDAX.BTC-USD;D;20201129;000000;17736.1000000;18359.0000000;17535.2600000;18202.0400000;8935
GDAX.BTC-USD;D;20201130;000000;18202.0200000;19873.2300000;18201.4700000;19713.9400000;27289
GDAX.BTC-USD;D;20201201;000000;19713.9400000;19915.1400000;18109.0000000;18782.9700000;22475
GDAX.BTC-USD;D;20201202;000000;18778.1800000;19340.0000000;18335.0000000;19225.6300000;11086
GDAX.BTC-USD;D;20201203;000000;19222.4500000;19625.6400000;18885.0000000;19448.6400000;10073
GDAX.BTC-USD;D;20201204;000000;19446.4300000;19546.4600000;18576.0500000;18658.1000000;11229
GDAX.BTC-USD;D;20201205;000000;18658.0900000;19189.9800000;18501.0000000;19158.9600000;4334
GDAX.BTC-USD;D;20201206;000000;19158.9600000;19430.2500000;18878.0000000;19375.6000000;4131
GDAX.BTC-USD;D;20201207;000000;19375.6000000;19432.5700000;18901.0000000;19177.7100000;6158
GDAX.BTC-USD;D;20201208;000000;19177.0800000;19299.5100000;18200.0000000;18316.2200000;10828
GDAX.BTC-USD;D;20201209;000000;18316.2200000;18647.3300000;17639.0000000;18546.5500000;14700
GDAX.BTC-USD;D;20201210;000000;18546.5500000;18556.4200000;17905.0000000;18253.4400000;11202
GDAX.BTC-USD;D;20201211;000000;18257.1800000;18293.0800000;17580.0000000;18042.1500000;12179
GDAX.BTC-USD;D;20201212;000000;18044.1900000;18955.3400000;18023.5700000;18821.2800000;5852
GDAX.BTC-USD;D;20201213;000000;18821.2800000;19421.0300000;18730.0000000;19166.6500000;7892
GDAX.BTC-USD;D;20201214;000000;19166.6500000;19349.9800000;18967.6800000;19272.3700000;6846
GDAX.BTC-USD;D;20201215;000000;19272.3700000;19565.0000000;19051.2700000;19444.6000000;11541
GDAX.BTC-USD;D;20201216;000000;19443.1900000;21569.9400000;19300.0000000;21359.6500000;24534
GDAX.BTC-USD;D;20201217;000000;21360.5000000;23776.9400000;21252.0100000;22826.4800000;39621
GDAX.BTC-USD;D;20201218;000000;22826.3700000;23280.0000000;22329.0000000;23137.7600000;18485
GDAX.BTC-USD;D;20201219;000000;23138.8900000;24200.0000000;22770.0000000;23849.9900000;14125
GDAX.BTC-USD;D;20201220;000000;23850.0000000;24300.0000000;23100.0000000;23476.5100000;10218
GDAX.BTC-USD;D;20201221;000000;23476.5100000;24118.7500000;21913.8400000;22729.4000000;17341
GDAX.BTC-USD;D;20201222;000000;22729.4000000;23839.7800000;22380.0500000;23823.2700000;12450
GDAX.BTC-USD;D;20201223;000000;23824.1300000;24090.0000000;22600.0000000;23228.3500000;15543
GDAX.BTC-USD;D;20201224;000000;23226.1800000;23785.0000000;22712.8900000;23717.9600000;11053
GDAX.BTC-USD;D;20201225;000000;23718.6100000;24770.9500000;23416.0000000;24704.7100000;10216
GDAX.BTC-USD;D;20201226;000000;24704.7100000;26822.0000000;24490.0100000;26475.3500000;17462
GDAX.BTC-USD;D;20201227;000000;26482.6400000;28387.0000000;25772.5500000;26258.6500000;23078
GDAX.BTC-USD;D;20201228;000000;26255.1600000;27477.0000000;26086.1900000;27040.3600000;15199
GDAX.BTC-USD;D;20201229;000000;27039.3900000;27396.7700000;25833.7300000;27366.3500000;11688
GDAX.BTC-USD;D;20201230;000000;27366.3500000;29018.2600000;27311.7300000;28897.4200000;17715
GDAX.BTC-USD;D;20201231;000000;28897.4200000;29321.9000000;28000.0000000;28990.0800000;18893
GDAX.BTC-USD;D;20210101;000000;28990.0800000;29688.8800000;28700.0000000;29412.8400000;15683
GDAX.BTC-USD;D;20210102;000000;29413.2900000;33300.0000000;29039.0000000;32225.9100000;31426
GDAX.BTC-USD;D;20210103;000000;32222.8800000;34810.0000000;32008.6200000;33080.6600000;22304
GDAX.BTC-USD;D;20210104;000000;33082.8400000;33666.9900000;27678.0000000;32019.9900000;26318
GDAX.BTC-USD;D;20210105;000000;32020.2200000;34499.6700000;29891.1300000;34030.6400000;28036
GDAX.BTC-USD;D;20210106;000000;34043.9100000;37000.0000000;33352.5400000;36859.2600000;29427
GDAX.BTC-USD;D;20210107;000000;36859.2600000;40425.0000000;36200.0000000;39505.5600000;28985
GDAX.BTC-USD;D;20210108;000000;39510.5500000;41986.3700000;36565.0800000;40665.1500000;24196
GDAX.BTC-USD;D;20210109;000000;40642.1500000;41406.9400000;38800.0000000;40257.4300000;13985
GDAX.BTC-USD;D;20210110;000000;40257.4300000;41452.1200000;34444.0000000;38171.5700000;24023
GDAX.BTC-USD;D;20210111;000000;38168.8900000;38273.8800000;30100.0000000;35452.5900000;56825
GDAX.BTC-USD;D;20210112;000000;35456.8900000;36604.5100000;32500.0000000;34038.9800000;28670
GDAX.BTC-USD;D;20210113;000000;34035.5300000;37888.0000000;32309.0400000;37393.6600000;24733
GDAX.BTC-USD;D;20210114;000000;37393.6700000;40127.6600000;36751.1100000;39125.1400000;19363
GDAX.BTC-USD;D;20210115;000000;39123.0500000;39697.0000000;34298.9300000;36754.6700000;21846
GDAX.BTC-USD;D;20210116;000000;36754.6000000;37948.0000000;35372.5900000;36006.9400000;12263
GDAX.BTC-USD;D;20210117;000000;36004.8000000;36860.0000000;33850.0300000;35820.0000000;10731
GDAX.BTC-USD;D;20210118;000000;35820.0100000;37402.0000000;34736.4600000;36624.2300000;8963
GDAX.BTC-USD;D;20210119;000000;36624.2300000;37857.0000000;35895.1100000;35917.2800000;10692
GDAX.BTC-USD;D;20210120;000000;35921.9100000;36415.3400000;33387.0100000;35503.0900000;13015
GDAX.BTC-USD;D;20210121;000000;35498.8500000;35628.2400000;30011.0000000;30855.9500000;28196
GDAX.BTC-USD;D;20210122;000000;30855.9000000;33867.0000000;28732.0000000;32984.9300000;28975
GDAX.BTC-USD;D;20210123;000000;32982.6600000;33488.7900000;31432.1900000;32112.0100000;9577
GDAX.BTC-USD;D;20210124;000000;32110.0000000;33086.5300000;30931.2100000;32288.5600000;7813
GDAX.BTC-USD;D;20210125;000000;32293.1800000;34888.0000000;31920.8000000;32261.8700000;13833
GDAX.BTC-USD;D;20210126;000000;32260.5200000;32960.3700000;30830.0000000;32510.8200000;14057
GDAX.BTC-USD;D;20210127;000000;32510.8200000;32584.6200000;29156.0000000;30407.1300000;30627
GDAX.BTC-USD;D;20210128;000000;30414.1100000;34000.0000000;29902.1400000;33488.9900000;24879
GDAX.BTC-USD;D;20210129;000000;33487.9200000;38664.3300000;31990.0000000;34262.1100000;49607
GDAX.BTC-USD;D;20210130;000000;34262.1100000;34900.0000000;32852.8600000;34315.6300000;12917
GDAX.BTC-USD;D;20210131;000000;34315.6300000;34387.7500000;32200.0000000;33137.7400000;9216
GDAX.BTC-USD;D;20210201;000000;33137.7500000;34728.5700000;32333.0000000;33533.1900000;13217
GDAX.BTC-USD;D;20210202;000000;33534.3900000;36000.0000000;33450.0000000;35512.6700000;11856
GDAX.BTC-USD;D;20210203;000000;35513.0000000;37723.7200000;35393.8000000;37678.3700000;14081
GDAX.BTC-USD;D;20210204;000000;37688.4200000;38769.0000000;36156.4500000;36975.0000000;18808
GDAX.BTC-USD;D;20210205;000000;36976.5900000;38349.0000000;36605.8700000;38311.4900000;8881
GDAX.BTC-USD;D;20210206;000000;38327.0900000;41000.0000000;38250.0000000;39265.4300000;14890
GDAX.BTC-USD;D;20210207;000000;39266.1000000;39737.8300000;37371.3500000;38871.4200000;12012
GDAX.BTC-USD;D;20210208;000000;38871.4300000;46750.0000000;38057.0100000;46448.1000000;26859
GDAX.BTC-USD;D;20210209;000000;46453.6600000;48200.0000000;45020.0000000;46514.7300000;18463
GDAX.BTC-USD;D;20210210;000000;46514.7300000;47349.9900000;43706.8600000;44850.0000000;12595
GDAX.BTC-USD;D;20210211;000000;44850.0000000;48690.0000000;44011.0000000;47997.9100000;13343
GDAX.BTC-USD;D;20210212;000000;47993.6000000;48912.0000000;46300.0000000;47408.3400000;11470
GDAX.BTC-USD;D;20210213;000000;47408.3400000;48199.0000000;46300.0000000;47232.4500000;5130
GDAX.BTC-USD;D;20210214;000000;47240.7500000;49700.0000000;47100.1300000;48680.6900000;6617
GDAX.BTC-USD;D;20210215;000000;48667.2300000;49093.4400000;45768.4600000;47936.3700000;8557
GDAX.BTC-USD;D;20210216;000000;47935.6600000;50645.0000000;47051.2200000;49158.7100000;11620
GDAX.BTC-USD;D;20210217;000000;49141.4300000;52640.3500000;48942.8700000;52170.0100000;12391
GDAX.BTC-USD;D;20210218;000000;52170.0100000;52549.9900000;50875.0000000;51601.7300000;6790
GDAX.BTC-USD;D;20210219;000000;51596.0000000;56370.0500000;50725.0000000;55983.5600000;14152
GDAX.BTC-USD;D;20210220;000000;55983.5700000;57563.5700000;54000.1000000;55923.5200000;9784
GDAX.BTC-USD;D;20210221;000000;55921.4400000;58367.0000000;55531.2300000;57489.1600000;6036
GDAX.BTC-USD;D;20210222;000000;57489.1600000;57577.6900000;46616.0000000;54142.1300000;30682
GDAX.BTC-USD;D;20210223;000000;54125.6700000;54206.2200000;44888.0800000;48899.9900000;72295
GDAX.BTC-USD;D;20210224;000000;48899.9900000;51415.4100000;47002.0000000;49737.8200000;30753
GDAX.BTC-USD;D;20210225;000000;49737.8100000;52107.8300000;46700.0000000;47058.4800000;28005
GDAX.BTC-USD;D;20210226;000000;47063.9000000;48464.6400000;44150.0000000;46326.2000000;36034
GDAX.BTC-USD;D;20210227;000000;46319.7900000;48356.8600000;45055.0000000;46180.7500000;16293
GDAX.BTC-USD;D;20210228;000000;46169.9200000;46656.0000000;43016.0000000;45231.7500000;22745
GDAX.BTC-USD;D;20210301;000000;45231.7400000;49829.0000000;45042.1300000;49639.4000000;25056
GDAX.BTC-USD;D;20210302;000000;49635.3000000;50250.0000000;47075.1100000;48511.6000000;17059
GDAX.BTC-USD;D;20210303;000000;48502.1800000;52666.0000000;48161.7500000;50360.0000000;21300
GDAX.BTC-USD;D;20210304;000000;50370.3300000;51798.3300000;47502.0000000;48368.5200000;23399
GDAX.BTC-USD;D;20210305;000000;48370.9700000;49473.9900000;46219.3200000;48769.4700000;25455
GDAX.BTC-USD;D;20210306;000000;48766.0100000;49210.0000000;47077.0000000;48909.8400000;11887
GDAX.BTC-USD;D;20210307;000000;48909.8400000;51459.0000000;48909.8300000;50978.6100000;13967
GDAX.BTC-USD;D;20210308;000000;50976.2200000;52425.0000000;49328.6200000;52415.2300000;18836
GDAX.BTC-USD;D;20210309;000000;52413.1700000;54936.0000000;51845.0100000;54916.3800000;21185
GDAX.BTC-USD;D;20210310;000000;54921.6100000;57402.1400000;53025.0000000;55890.6900000;28323
GDAX.BTC-USD;D;20210311;000000;55888.7000000;58113.0000000;54283.0000000;57815.4700000;24363
GDAX.BTC-USD;D;20210312;000000;57820.1500000;58065.9200000;55050.0000000;57225.9100000;21751
GDAX.BTC-USD;D;20210313;000000;57220.8400000;61788.4500000;56083.7400000;61178.5000000;22288
GDAX.BTC-USD;D;20210314;000000;61181.3800000;61680.0000000;58950.0000000;58972.7000000;13570
GDAX.BTC-USD;D;20210315;000000;58972.7100000;60601.0700000;54568.0000000;55636.1500000;31641
GDAX.BTC-USD;D;20210316;000000;55629.0800000;56970.0000000;53221.0000000;56927.1100000;24418
GDAX.BTC-USD;D;20210317;000000;56924.2600000;58996.3800000;54138.0100000;58925.5400000;22688
GDAX.BTC-USD;D;20210318;000000;58925.5400000;60100.0000000;56996.1500000;57644.9500000;21450
GDAX.BTC-USD;D;20210319;000000;57644.9500000;59461.9900000;56260.0000000;58039.6600000;16418
GDAX.BTC-USD;D;20210320;000000;58026.9100000;59928.0000000;57827.9700000;58116.7000000;9712
GDAX.BTC-USD;D;20210321;000000;58126.3400000;58651.2200000;55543.8900000;57363.3200000;11826
GDAX.BTC-USD;D;20210322;000000;57377.2900000;58421.6800000;53739.5000000;54110.0700000;19521
GDAX.BTC-USD;D;20210323;000000;54111.4900000;55858.0000000;53000.0000000;54345.5400000;19216
GDAX.BTC-USD;D;20210324;000000;54333.2700000;57209.9700000;51673.8200000;52276.1600000;23761
GDAX.BTC-USD;D;20210325;000000;52259.6900000;53238.0000000;50305.0000000;51325.0100000;29632
GDAX.BTC-USD;D;20210326;000000;51320.7600000;55125.1300000;51250.0000000;55072.4400000;17833
GDAX.BTC-USD;D;20210327;000000;55080.9000000;56640.0000000;53966.0000000;55856.5300000;11345
GDAX.BTC-USD;D;20210328;000000;55856.5400000;56587.0800000;54701.0000000;55778.8200000;9232
GDAX.BTC-USD;D;20210329;000000;55781.2200000;58400.0000000;54900.0000000;57613.4800000;17556
GDAX.BTC-USD;D;20210330;000000;57613.7600000;59397.4800000;57000.0000000;58786.4600000;15100
GDAX.BTC-USD;D;20210331;000000;58786.4600000;59800.0000000;56873.8000000;58800.0000000;17388
GDAX.BTC-USD;D;20210401;000000;58800.0100000;59474.9400000;57930.0000000;58726.4800000;11102
GDAX.BTC-USD;D;20210402;000000;58726.4700000;60055.0200000;58441.8800000;58981.0400000;10957
GDAX.BTC-USD;D;20210403;000000;58981.0400000;59752.0000000;56943.0000000;57094.3400000;8425
GDAX.BTC-USD;D;20210404;000000;57094.3400000;58500.0000000;56478.5300000;58215.9400000;6303
GDAX.BTC-USD;D;20210405;000000;58216.7300000;59251.7600000;56817.6400000;59123.0200000;9218
GDAX.BTC-USD;D;20210406;000000;59134.0700000;59475.0000000;57333.3300000;58019.9800000;10362
GDAX.BTC-USD;D;20210407;000000;58021.6700000;58630.0000000;55400.0000000;55955.7500000;17784
GDAX.BTC-USD;D;20210408;000000;55962.6700000;58152.0000000;55700.0000000;58083.1000000;8090
GDAX.BTC-USD;D;20210409;000000;58083.1000000;58869.6900000;57670.5100000;58092.6800000;8095
GDAX.BTC-USD;D;20210410;000000;58092.6800000;61218.9700000;57875.4100000;59778.6000000;12829
GDAX.BTC-USD;D;20210411;000000;59778.5900000;60658.8900000;59177.0600000;59985.2600000;7284
GDAX.BTC-USD;D;20210412;000000;59983.6600000;61199.0000000;59369.0000000;59839.8200000;11479
GDAX.BTC-USD;D;20210413;000000;59836.8800000;63774.3900000;59799.0100000;63588.2200000;17892
GDAX.BTC-USD;D;20210414;000000;63588.2200000;64899.0000000;61277.9100000;62971.8000000;22559
GDAX.BTC-USD;D;20210415;000000;62971.8000000;63831.8200000;62036.7300000;63229.0400000;11191
GDAX.BTC-USD;D;20210416;000000;63229.0400000;63604.3400000;60048.4300000;61427.2700000;19856
GDAX.BTC-USD;D;20210417;000000;61427.2700000;62572.4800000;59700.0000000;60058.8600000;10855
GDAX.BTC-USD;D;20210418;000000;60067.2000000;60437.9700000;51300.0000000;56274.4100000;36884
GDAX.BTC-USD;D;20210419;000000;56273.6500000;57600.0000000;54187.8500000;55696.8300000;16841
GDAX.BTC-USD;D;20210420;000000;55696.8300000;57111.0000000;53430.0100000;56499.2900000;18606
GDAX.BTC-USD;D;20210421;000000;56477.6700000;56810.5600000;53620.9100000;53800.8600000;15575
GDAX.BTC-USD;D;20210422;000000;53795.6200000;55469.9800000;50400.0000000;51701.5900000;30443
GDAX.BTC-USD;D;20210423;000000;51695.9800000;52130.5800000;47464.6500000;51187.2700000;38791
GDAX.BTC-USD;D;20210424;000000;51187.7500000;51260.6100000;48726.8700000;50089.1500000;11842
GDAX.BTC-USD;D;20210425;000000;50101.4200000;50591.3800000;47044.0100000;49121.0000000;14645
GDAX.BTC-USD;D;20210426;000000;49121.0000000;54400.0000000;48817.6200000;54053.6000000;18013
GDAX.BTC-USD;D;20210427;000000;54047.8000000;55509.3900000;53321.0000000;55069.6200000;13937
GDAX.BTC-USD;D;20210428;000000;55069.6100000;56476.1700000;53887.0000000;54894.0300000;16475
GDAX.BTC-USD;D;20210429;000000;54889.8100000;55226.8600000;52369.6100000;53580.0000000;14592
GDAX.BTC-USD;D;20210430;000000;53580.0000000;58075.0100000;53068.4300000;57798.7700000;16536
GDAX.BTC-USD;D;20210501;000000;57798.7700000;58550.0000000;57050.9400000;57859.2800000;10780
GDAX.BTC-USD;D;20210502;000000;57859.2800000;57972.2600000;56072.0000000;56625.2000000;7668
GDAX.BTC-USD;D;20210503;000000;56625.2100000;58986.0000000;56500.0000000;57212.7300000;15174
GDAX.BTC-USD;D;20210504;000000;57212.7300000;57247.2400000;53057.7000000;53241.9200000;23508
GDAX.BTC-USD;D;20210505;000000;53241.9100000;57980.8600000;52913.0200000;57515.6900000;22935
GDAX.BTC-USD;D;20210506;000000;57515.6900000;58400.0000000;55288.0000000;56440.6600000;18232
GDAX.BTC-USD;D;20210507;000000;56444.8200000;58735.9500000;55300.0000000;57380.3900000;18320
GDAX.BTC-USD;D;20210508;000000;57380.3900000;59559.8400000;56980.0100000;58958.0500000;15368
GDAX.BTC-USD;D;20210509;000000;58958.0600000;59300.5200000;56265.3000000;58312.5700000;17184
GDAX.BTC-USD;D;20210510;000000;58313.8400000;59592.2000000;53600.0000000;55866.4100000;24661
GDAX.BTC-USD;D;20210511;000000;55866.3800000;56962.0700000;54511.4800000;56753.1900000;5391
GDAX.BTC-USD;D;20210512;000000;56753.1900000;58041.0000000;48500.0000000;49498.7700000;25880
GDAX.BTC-USD;D;20210513;000000;49498.7600000;52500.0000000;46000.0000000;49690.1100000;28473
GDAX.BTC-USD;D;20210514;000000;49682.2800000;51569.5600000;48895.0000000;49893.4800000;21984
GDAX.BTC-USD;D;20210515;000000;49893.4800000;50730.5800000;46573.0000000;46775.5100000;21927
GDAX.BTC-USD;D;20210516;000000;46771.0100000;49808.2800000;43825.0000000;46450.7900000;30636
GDAX.BTC-USD;D;20210517;000000;46450.7800000;46646.1500000;42101.0000000;43580.5000000;43652
GDAX.BTC-USD;D;20210518;000000;43571.8900000;45851.0000000;42300.0000000;42857.1500000;28215
GDAX.BTC-USD;D;20210519;000000;42865.0500000;43591.7000000;30000.0000000;36731.7500000;109526
GDAX.BTC-USD;D;20210520;000000;36735.4400000;42605.0000000;35000.0000000;40623.3300000;51451
GDAX.BTC-USD;D;20210521;000000;40623.2400000;42275.9900000;33501.5400000;37340.7700000;55966
GDAX.BTC-USD;D;20210522;000000;37333.0900000;38889.7600000;35257.5200000;37476.8300000;29230
GDAX.BTC-USD;D;20210523;000000;37476.8400000;38319.3600000;31111.0000000;34758.6700000;53427
GDAX.BTC-USD;D;20210524;000000;34758.8800000;39966.8700000;34407.1700000;38878.5600000;44406
GDAX.BTC-USD;D;20210525;000000;38874.5300000;39878.5100000;36481.2600000;38361.8100000;26086
GDAX.BTC-USD;D;20210526;000000;38361.8100000;40900.0000000;37837.3600000;39293.2300000;25105
GDAX.BTC-USD;D;20210527;000000;39293.2300000;40440.9500000;37191.9900000;38556.8800000;19400
GDAX.BTC-USD;D;20210528;000000;38556.8800000;38900.0000000;34688.0000000;35680.4700000;36219
GDAX.BTC-USD;D;20210529;000000;35680.4800000;37325.0000000;33650.8600000;34627.8200000;27992
GDAX.BTC-USD;D;20210530;000000;34627.8100000;36500.0000000;33333.0000000;35669.4400000;16033
GDAX.BTC-USD;D;20210531;000000;35669.4400000;37534.0900000;34183.0000000;37279.3100000;19524
GDAX.BTC-USD;D;20210601;000000;37276.2300000;37918.9700000;35669.1400000;36685.0000000;15704
GDAX.BTC-USD;D;20210602;000000;36684.9900000;38237.3700000;35920.0000000;37577.9100000;13959
GDAX.BTC-USD;D;20210603;000000;37581.8300000;39489.8200000;37184.8800000;39248.5500000;14310
GDAX.BTC-USD;D;20210604;000000;39248.5400000;39291.2400000;35593.2200000;36856.5200000;17904
GDAX.BTC-USD;D;20210605;000000;36856.5300000;37921.3500000;34832.1700000;35539.4900000;13648
GDAX.BTC-USD;D;20210606;000000;35539.9700000;36477.8600000;35258.0000000;35800.4800000;8188
GDAX.BTC-USD;D;20210607;000000;35800.4800000;36812.3900000;33333.0000000;33575.9100000;18993
GDAX.BTC-USD;D;20210608;000000;33567.2600000;34069.0000000;31004.9500000;33402.1300000;34945
GDAX.BTC-USD;D;20210609;000000;33402.1300000;37573.9900000;32408.5300000;37403.8600000;26051
GDAX.BTC-USD;D;20210610;000000;37404.7500000;38425.6700000;35800.0000000;36694.0500000;19856
GDAX.BTC-USD;D;20210611;000000;36694.9100000;37695.0000000;35944.0000000;37338.4400000;14137
GDAX.BTC-USD;D;20210612;000000;37340.0800000;37448.0000000;34635.4700000;35557.3300000;14516
GDAX.BTC-USD;D;20210613;000000;35557.3200000;39396.0000000;34780.5700000;39015.2400000;15740
GDAX.BTC-USD;D;20210614;000000;39015.2400000;41076.0300000;38744.8300000;40539.4700000;21919
GDAX.BTC-USD;D;20210615;000000;40537.9300000;41322.5500000;39510.9800000;40162.3700000;17016
GDAX.BTC-USD;D;20210616;000000;40158.0600000;40499.0000000;38105.0000000;38351.0000000;17247
GDAX.BTC-USD;D;20210617;000000;38351.0000000;39554.9800000;37365.6300000;38095.1700000;15978
GDAX.BTC-USD;D;20210618;000000;38103.9400000;38216.2200000;35153.1600000;35841.8100000;23461
GDAX.BTC-USD;D;20210619;000000;35840.9600000;36457.1800000;34833.2600000;35484.7900000;16805
GDAX.BTC-USD;D;20210620;000000;35484.8000000;35909.5500000;33751.0000000;33930.7000000;2883
